<openerp>
  <data>
    <record model="app.view" id="appbox_sale_management.app_view_account_invoice_kanban">
      <field name="name">Facturas</field>
      <field name="res_model">account.invoice</field>
      <field name="type">kanban</field>
      <field name="arch_original" type="xml">
        <kanban>
          <field name="number" attrs="{'nolabel': false}" style="font-weight: bold;"/>
          <field name="state" attrs="{'nolabel': false}"/>
          <field name="partner_id" attrs="{'nolabel': false}"/>
          <field name="date_invoice" attrs="{'nolabel': false}"/>
        </kanban>
      </field>
    </record>

    <record model="app.view" id="appbox_sale_management.app_view_account_invoice_form">
      <field name="name">Facturas</field>
      <field name="res_model">account.invoice</field>
      <field name="type">form</field>
      <field name="arch_original" type="xml">
        <form>
          <div class="separator">Basic Information</div>
          <div class="section">
            <field name="number" attrs="{'readonly': true}"/>
            <field name="type" attrs="{'invisible':true}"/>
            <field name="journal_id" attrs="{'invisible':true}"/>
            <field name="state"/>
            <field name="partner_id" domain="[('customer','=',True)]"/>
            <field name="fiscal_position" options="{'no_open': true, 'no_create': true}"/>
            <field name="date_invoice"/>
            <field domain="[('company_id', '=', company_id),('type','=', 'receivable')]" name="account_id" groups="account.group_account_user" context="{'periods_special': False, 'all_fiscalyear': True}"/>
            <div groups="base.group_multi_currency">
              <field name="currency_id"/>
            </div>
            <field name="sent" invisible="1"/>
          </div>
          <div class="separator">Invoice Lines</div>
          <div class="section">
            <field name="invoice_line_ids" widget="one2many_list" context="{'type': type, 'journal_id': journal_id}"
                  attrs="{'readonly': [('state', '!=', 'draft')]}">
              <kanban style="display:flex; flex-flow: wrap; justify-content: space-between;">
                <field name="product_id" class="value-left" style="flex: 1 1 auto; width: 50%;"/>
                <field name="quantity"/>
                <field name="price_subtotal" attrs="{'nolabel': false}" style="width:100%"/>
              </kanban>
              <form>
                <div class="section">
                  <field name="product_id" domain="[('sale_ok', '=', true)]" />
                  <field name="name"/>
                  <field name="account_id" groups="account.group_account_user"/>
                  <field name="account_analytic_id" groups="analytic.group_analytic_accounting"/>
                  <field name="quantity"/>
                  <field name="price_unit"/>
                  <field name="discount" groups="sale.group_discount_per_so_line"/>
                  <field name="invoice_line_tax_ids"/>
                  <field name="price_subtotal"/>
                </div>
              </form>
            </field>
          </div>
          <div class="separator">Tax Lines</div>
          <div class="section">
            <field name="tax_line_ids" attrs="{'readonly': [('state', '!=', 'draft')]}">
              <kanban>
                <field name="name" attrs="{'nolabel': false}"/>
                <field name="base" attrs="{'nolabel': false}"/>
                <field name="amount_total" attrs="{'nolabel': false}"/>
              </kanban>
              <form>
                <div class="section">
                  <field name="name" attrs="{'readonly': true}"/>
                  <field name="base" attrs="{'readonly': true}"/>
                  <field name="amount_total" attrs="{'readonly': true}"/>
                </div>
              </form>
            </field>
          </div>
          <div class="separator">Amount</div>
          <div class="section">
            <field name="amount_untaxed" widget="monetary" options="{'currency_field': 'currency_id'}"/>
            <field name="amount_tax" widget="monetary" options="{'currency_field': 'currency_id'}"/>
            <field name="amount_total" widget="monetary" options="{'currency_field': 'currency_id'}"/>
          </div>
        </form>
      </field>
    </record>

    <record model="app.view" id="appbox_sale_management.app_view_account_invoice_search">
      <field name="name">Facturas</field>
      <field name="res_model">account.invoice</field>
      <field name="type">search</field>
      <field name="arch_original" type="xml">
        <search>
          <field name="number" string="Invoice" domain="['|','|','|', ('number','ilike',self), ('origin','ilike',self), ('reference', 'ilike', self), ('partner_id', 'child_of', self)]"/>
          <field name="partner_id" string="Partner" domain="[('partner_id','ilike',self)]"/>
          <field name="user_id" string="Salesperson" domain="[('user_id','ilike', self)]"/>
          <field name="team_id" string="Sales Team" domain="[('team_id','ilike', self)]"/>
          <field name="date" string="Period" domain="[('date','=', self)]"/>
          <filter_group>
            <filter name="draft" string="Draft" domain="[('state','=','draft')]"/>
            <filter name="unpaid" string="Open" domain="[('state', '=', 'open')]"/>
            <filter name="paid" string="Paid" domain="[('state', '=', 'paid')]"/>
            <filter name="late" string="Overdue" domain="['&amp;', ('date_due', '&lt;', time.strftime('%Y-%m-%d')), ('state', '=', 'open')]"/>
          </filter_group>
          <filter_group>
            <filter domain="[('user_id','=',uid)]" name="myinvoices" string="My Invoices"/>
          </filter_group>
          <filter_group>
            <filter string="My Activities" name="activities_my" domain="[('activity_ids.user_id', '=', uid)]"/>
          </filter_group>
          <filter_group>
            <filter string="Late Activities" name="activities_overdue" domain="[('activity_ids.date_deadline', '&lt;', context_today().strftime('%Y-%m-%d'))]"/>
            <filter string="Today Activities" name="activities_today" domain="[('activity_ids.date_deadline', '=', context_today().strftime('%Y-%m-%d'))]"/>
            <filter string="Future Activities" name="activities_upcoming_all" domain="[('activity_ids.date_deadline', '&gt;', context_today().strftime('%Y-%m-%d'))]"/>
          </filter_group>
        </search>
      </field>
    </record>
  </data>
</openerp>