<?xml version="1.0" encoding="utf-8"?>
<openerp>
    <data noupdate="1">
        <record id="ir_cron_update_app_auth_key" model="ir.cron">
            <field name="name">Update Appbox Authorization key</field>
            <field name="model_id" ref="model_app_config"/>
            <field name="state">code</field>
            <field name="code">model.update_auth_keys()</field>
            <field name="user_id" ref="base.user_root"/>
            <field name="interval_number">1</field>
            <field name="interval_type">days</field>
            <field name="numbercall">-1</field>
            <field name="doall" eval="False"/>
        </record>
    </data>
</openerp>
